ID,name,email
1,Hendrik,steiner@gmail.com
2,kdfnd,dfsd
5,Julian Steiner,julian@gmail.com
6,Jürgen,jürgen@gmail.at
7,Matthias,mathi@tsn.de
8,Christan,christan@gmai.com
9,Peter,peter@gmail.com
10,Leon,leon@gmail.com
11,Christian,chris@gmail.com
12,david,david@ultragmail.com
13,Elias,elias@gmail.com
14,Josef,josi@tsn.at
15,Hendrik,steiner@gmail.com
16,Martin,martin@gmail.com
17,Peter2,peter@office.htlinn.at
18,Bernd,bernd@at
19,Olaf,olaf@gmail.com
20,George,george@gmail.com
21,Kenji,kenji@cool.com
22,Hans,hansi@gmail.com
23,Sabine,sabine@gmail.com
24,Max Mustermann,max.mustermann@example.com
25,Maria Musterfrau,maria.musterfrau@example.com
26,John jon,john.jon@example.com
27,Max Mustermann,max.mustermann@example.com
28,Maria Musterfrau,maria.musterfrau@example.com
29,John jon,john.jon@example.com
30,Max Mustermann,max.mustermann@example.com
31,Maria Musterfrau,maria.musterfrau@example.com
32,John jon,john.jon@example.com
33,Konstantin,konni@tsn.at
34,Maxi Mustermann,max.mustermann@example.com
35,Maxi Mustermann,max.mustermann@example.com
36,Maxi Mustermann,max.mustermann@gmail.com
37,Frau Mustermann,frau.mustermann@gmail.com
38,Vorname,Nachname
39,Max,Mustermann
40,Maria,Musterfrau
41,Martin,marti@gmail.com
42,Maxi,maxi.mustermann@gmail.com
43,Mary,mary.musterfrau@gmail.com
44,Friedrich,friedi@gamil.com
45,Maxi,maxi.mustermann@gmail.com
46,Mary,mary.musterfrau@gmail.com
